{
  "online": {
    "widgets2d": {
      "overview": "widget-overview.htm",
      "attributetable": "widget-attribute-table.htm",
      "basemapgallery": "widget-basemap.htm",
      "bookmark": "widget-bookmark.htm",
      "businessanalyst": "widget-business-analyst.htm",
      "chart": "widget-chart.htm",
      "headercontroller": "widget-header-controller-and-sidebar-controller.htm",
      "sidebarcontroller": "widget-header-controller-and-sidebar-controller.htm",
      "coordinate": "widget-coordinates.htm",
      "directions": "widget-directions.htm",
      "draw": "widget-draw.htm",
      "edit": "widget-edit.htm",
      "geocoder": "widget-geocoder.htm",
      "geoprocessing": "widget-geoprocessing.htm",
      "homebutton": "widget-home-button.htm",
      "layerlist": "widget-layer-list.htm",
      "legend": "widget-legend.htm",
      "measurement": "widget-measurement.htm",
      "mylocation": "widget-my-location.htm",
      "networktrace": "widget-network-trace.htm",
      "overviewmap": "widget-overview-map.htm",
      "print": "widget-print.htm",
      "query": "widget-query.htm",
      "scalebar": "widget-scalebar.htm",
      "splash": "widget-splash.htm",
      "about": "widget-about.htm",
      "analysis": "widget-analysis.htm",
      "swipe": "widget-swipe.htm",
      "timeslider": "widget-time-slider.htm",
      "geolookup": "widget-geolookup.htm",
      "incidentanalysis": "widget-incident-analysis.htm",
      "search": "widget-search.htm",
      "stream": "widget-stream.htm",
      "summary": "widget-summary.htm",
      "zoomslider": "widget-zoom-slider.htm",
      "imagemeasurement": "widget-image-measurement.htm",
      "reviewerdashboard": "widget-reviewer-dashboard.htm",
      "reportfeature": "widget-report-feature.htm",
      "batchattributeeditor": "widget-batch-attribute-editor.htm",
      "situationawareness": "widget-situation-awareness.htm",
      "nearme": "widget-near-me.htm",
      "districtlookup": "widget-district-lookup.htm",
      "relatedtablecharts": "widget-related-table-charts.htm",
      "infosummary": "widget-info-summary.htm",
      "adddata": "widget-add-data.htm",
      "select": "widget-select.htm",
      "share": "widget-share.htm",
      "filter": "widget-filter.htm",
      "smarteditor": "widget-smart-editor.htm",
      "groupfilter": "widget-group-filter.htm",
      "obliqueviewer": "widget-oblique-viewer.htm",
      "extentnavigate": "widget-extent-navigate.htm",
      "gridoverlay": "widget-grid-overlay.htm",
      "coordinateconversion": "widget-coordinate-conversion.htm",
      "screening": "widget-screening.htm",
      "suitabilitymodeler": "widget-suitability-modeler.htm",
      "infographic": "widget-infographic.htm",
      "parceldrafter": "widget-parcel-drafter.htm",
      "fullscreen": "widget-full-screen.htm",
      "costanalysis": "widget-cost-analysis.htm",
      "threatanalysis": "widget-threat-analysis.htm",
      "publicnotification": "widget-public-notification.htm",
      "visibility": "widget-visibility.htm",
      "emergencyresponseguide": "widget-emergency-response-guide.htm",
      "griddedreferencegraphic": "widget-gridded-reference-graphic.htm",
      "dataaggregation": "widget-data-aggregation.htm",
      "distanceanddirection": "widget-distance-and-direction.htm"
    },
    "widgets3d": {
      "about": "widget-about-3d.htm",
      "compass": "widget-compass-3d.htm",
      "coordinate": "widget-coordinate-3d.htm",
      "daylight": "widget-daylight-3d.htm",
      "fullscreen": "widget-full-screen-3d.htm",
      "home": "widget-home-3d.htm",
      "layerlist": "widget-layer-list-3d.htm",
      "mylocation": "widget-my-location-3d.htm",
      "navigate": "widget-navigate-3d.htm",
      "search": "widget-search-3d.htm",
      "slides": "widget-slides-3d.htm",
      "splash": "widget-splash-3d.htm",
      "3dfx": "widget-3dfx-3d.htm",
      "zoomslider": "widget-zoom-slider-3d.htm",
      "legend": "widget-legend-3d.htm",
      "basemapgallery": "widget-basemap-gallery-3d.htm",
      "share": "widget-share-3d.htm",
      "measurement3d": "widget-measurement-3d.htm"
    }
  },
  "portal": {
    "widgets2d": {
      "overview": "#",
      "attributetable": "120000943",
      "basemapgallery": "120000944",
      "bookmark": "120000945",
      "businessanalyst": "120001752",
      "chart": "120000946",
      "headercontroller": "120001474",
      "sidebarcontroller": "120001474",
      "coordinate": "120000947",
      "directions": "120000948",
      "draw": "120000949",
      "edit": "120000950",
      "geocoder": "120000951",
      "geoprocessing": "120000952",
      "homebutton": "120000953",
      "layerlist": "120000954",
      "legend": "120000955",
      "measurement": "120000956",
      "mylocation": "120000957",
      "networktrace": "120001696",
      "overviewmap": "120000958",
      "print": "120000959",
      "query": "120000960",
      "scalebar": "120000961",
      "splash": "120000964",
      "about": "120000999",
      "analysis": "120001019",
      "swipe": "120001020",
      "timeslider": "120001021",
      "geolookup": "120001036",
      "incidentanalysis": "120001034",
      "search": "120001032",
      "stream": "120001029",
      "summary": "120001035",
      "zoomslider": "120001033",
      "imagemeasurement": "120001057",
      "reviewerdashboard": "120001058",
      "reportfeature": "120001059",
      "batchattributeeditor": "120001060",
      "situationawareness": "120001061",
      "nearme": "120001093",
      "districtlookup": "120001094",
      "relatedtablecharts": "120001095",
      "infosummary": "120001096",
      "adddata": "120001135",
      "select": "120001136",
      "share": "120001137",
      "filter": "120001138",
      "smarteditor": "120001139",
      "groupfilter": "120001140",
      "obliqueviewer": "120001141",
      "extentnavigate": "120001204",
      "gridoverlay": "120001244",
      "coordinateconversion": "120001243",
      "screening": "120001247",
      "suitabilitymodeler": "120001248",
      "infographic": "120001245",
      "parceldrafter": "120001246",
      "fullscreen": "120001249",
      "costanalysis": "120001304",
      "publicnotification": "120001303",
      "visibility": "120001659",
      "threatanalysis": "120001658",
      "emergencyresponseguide": "120001449",
      "griddedreferencegraphic": "120001446",
      "dataaggregation": "120001445",
      "distanceanddirection": "120001447"
    },
    "widgets3d": {
      "about": "120001084",
      "splash": "120001087",
      "home": "120001085",
      "mylocation": "120001086",
      "zoomslider": "120001088",
      "3dfx": "120001075",
      "compass": "120001076",
      "coordinate": "120001077",
      "daylight": "120001078",
      "fullscreen": "120001079",
      "layerlist": "120001080",
      "navigate": "120001081",
      "search": "120001082",
      "slides": "120001083",
      "legend": "120001210",
      "basemapgallery": "120001242",
      "share": "120001452",
      "measurement3d": "120001451"
    }
  },
  "dev": {
    "widgets2d": {
      "overview": "#",
      "attributetable": "120000943",
      "basemapgallery": "120000944",
      "bookmark": "120000945",
      "businessanalyst": "120001752",
      "chart": "120000946",
      "headercontroller": "120001474",
      "sidebarcontroller": "120001474",
      "coordinate": "120000947",
      "directions": "120000948",
      "draw": "120000949",
      "edit": "120000950",
      "geocoder": "120000951",
      "geoprocessing": "120000952",
      "homebutton": "120000953",
      "layerlist": "120000954",
      "legend": "120000955",
      "measurement": "120000956",
      "mylocation": "120000957",
      "networktrace": "120001696",
      "overviewmap": "120000958",
      "print": "120000959",
      "query": "120000960",
      "scalebar": "120000961",
      "splash": "120000964",
      "about": "120000999",
      "analysis": "120001019",
      "swipe": "120001020",
      "timeslider": "120001021",
      "geolookup": "120001036",
      "incidentanalysis": "120001034",
      "search": "120001032",
      "stream": "120001029",
      "summary": "120001035",
      "zoomslider": "120001033",
      "imagemeasurement": "120001057",
      "reviewerdashboard": "120001058",
      "reportfeature": "120001059",
      "batchattributeeditor": "120001060",
      "situationawareness": "120001061",
      "nearme": "120001093",
      "districtlookup": "120001094",
      "relatedtablecharts": "120001095",
      "infosummary": "120001096",
      "adddata": "120001135",
      "select": "120001136",
      "share": "120001137",
      "filter": "120001138",
      "smarteditor": "120001139",
      "groupfilter": "120001140",
      "obliqueviewer": "120001141",
      "extentnavigate": "120001204",
      "gridoverlay": "120001244",
      "coordinateconversion": "120001243",
      "screening": "120001247",
      "suitabilitymodeler": "120001248",
      "infographic": "120001245",
      "parceldrafter": "120001246",
      "fullscreen": "120001249",
      "costanalysis": "120001304",
      "publicnotification": "120001303",
      "visibility": "120001659",
      "threatanalysis": "120001658",
      "emergencyresponseguide": "120001449",
      "griddedreferencegraphic": "120001446",
      "dataaggregation": "120001445",
      "distanceanddirection": "120001447"
    },
    "widgets3d": {
      "about": "120001084",
      "splash": "120001087",
      "home": "120001085",
      "mylocation": "120001086",
      "zoomslider": "120001088",
      "3dfx": "120001075",
      "compass": "120001076",
      "coordinate": "120001077",
      "daylight": "120001078",
      "fullscreen": "120001079",
      "layerlist": "120001080",
      "navigate": "120001081",
      "search": "120001082",
      "slides": "120001083",
      "legend": "120001210",
      "basemapgallery": "120001242",
      "share": "120001452",
      "measurement3d": "120001451"
    }
  }
}